<?xml version="1.0" encoding="UTF-8"?>
<mxfile host="app.diagrams.net" modified="2023-12-10T23:36:11.453Z" agent="Mozilla/5.0 (Windows NT 10.0; Win64; x64) AppleWebKit/537.36 (KHTML, like Gecko) Chrome/120.0.0.0 Safari/537.36 Edg/120.0.0.0" etag="SLztzjWrZKtx03EKzocz" version="22.1.7" type="device">
  <diagram name="Página-1" id="JlEcTeESwITevSo80Gjz">
    <mxGraphModel dx="6061" dy="3915" grid="1" gridSize="10" guides="1" tooltips="1" connect="1" arrows="1" fold="1" page="1" pageScale="1" pageWidth="827" pageHeight="1169" math="0" shadow="0">
      <root>
        <mxCell id="0" />
        <mxCell id="1" parent="0" />
        <mxCell id="kbR9hFaz7MENgyRnrgfs-32" value="" style="whiteSpace=wrap;html=1;aspect=fixed;fillColor=none;" parent="1" vertex="1">
          <mxGeometry x="-2660" y="-1470" width="710" height="710" as="geometry" />
        </mxCell>
        <mxCell id="jhav6D8EuZ_-IiTHU21y-1" value="" style="whiteSpace=wrap;html=1;aspect=fixed;fillColor=none;" vertex="1" parent="1">
          <mxGeometry x="-2660" y="-1470" width="710" height="710" as="geometry" />
        </mxCell>
        <mxCell id="jhav6D8EuZ_-IiTHU21y-44" style="edgeStyle=orthogonalEdgeStyle;rounded=0;orthogonalLoop=1;jettySize=auto;html=1;exitX=0.5;exitY=1;exitDx=0;exitDy=0;entryX=0.5;entryY=0;entryDx=0;entryDy=0;" edge="1" parent="1" source="jhav6D8EuZ_-IiTHU21y-45" target="jhav6D8EuZ_-IiTHU21y-46">
          <mxGeometry relative="1" as="geometry" />
        </mxCell>
        <mxCell id="jhav6D8EuZ_-IiTHU21y-45" value="Inicialização do programa" style="ellipse;whiteSpace=wrap;html=1;" vertex="1" parent="1">
          <mxGeometry x="490" y="230" width="120" height="80" as="geometry" />
        </mxCell>
        <mxCell id="jhav6D8EuZ_-IiTHU21y-46" value="&lt;div&gt;&lt;span style=&quot;border: 0px solid rgb(217, 217, 227); box-sizing: border-box; --tw-border-spacing-x: 0; --tw-border-spacing-y: 0; --tw-translate-x: 0; --tw-translate-y: 0; --tw-rotate: 0; --tw-skew-x: 0; --tw-skew-y: 0; --tw-scale-x: 1; --tw-scale-y: 1; --tw-pan-x: ; --tw-pan-y: ; --tw-pinch-zoom: ; --tw-scroll-snap-strictness: proximity; --tw-gradient-from-position: ; --tw-gradient-via-position: ; --tw-gradient-to-position: ; --tw-ordinal: ; --tw-slashed-zero: ; --tw-numeric-figure: ; --tw-numeric-spacing: ; --tw-numeric-fraction: ; --tw-ring-inset: ; --tw-ring-offset-width: 0px; --tw-ring-offset-color: #fff; --tw-ring-color: rgba(69,89,164,.5); --tw-ring-offset-shadow: 0 0 transparent; --tw-ring-shadow: 0 0 transparent; --tw-shadow: 0 0 transparent; --tw-shadow-colored: 0 0 transparent; --tw-blur: ; --tw-brightness: ; --tw-contrast: ; --tw-grayscale: ; --tw-hue-rotate: ; --tw-invert: ; --tw-saturate: ; --tw-sepia: ; --tw-drop-shadow: ; --tw-backdrop-blur: ; --tw-backdrop-brightness: ; --tw-backdrop-contrast: ; --tw-backdrop-grayscale: ; --tw-backdrop-hue-rotate: ; --tw-backdrop-invert: ; --tw-backdrop-opacity: ; --tw-backdrop-saturate: ; --tw-backdrop-sepia: ;&quot;&gt;&lt;b&gt;Inicialização de Variáveis&lt;/b&gt;&lt;br&gt;&lt;/span&gt;&lt;/div&gt;&lt;ul style=&quot;border: 0px solid rgb(217, 217, 227); box-sizing: border-box; --tw-border-spacing-x: 0; --tw-border-spacing-y: 0; --tw-translate-x: 0; --tw-translate-y: 0; --tw-rotate: 0; --tw-skew-x: 0; --tw-skew-y: 0; --tw-scale-x: 1; --tw-scale-y: 1; --tw-pan-x: ; --tw-pan-y: ; --tw-pinch-zoom: ; --tw-scroll-snap-strictness: proximity; --tw-gradient-from-position: ; --tw-gradient-via-position: ; --tw-gradient-to-position: ; --tw-ordinal: ; --tw-slashed-zero: ; --tw-numeric-figure: ; --tw-numeric-spacing: ; --tw-numeric-fraction: ; --tw-ring-inset: ; --tw-ring-offset-width: 0px; --tw-ring-offset-color: #fff; --tw-ring-color: rgba(69,89,164,.5); --tw-ring-offset-shadow: 0 0 transparent; --tw-ring-shadow: 0 0 transparent; --tw-shadow: 0 0 transparent; --tw-shadow-colored: 0 0 transparent; --tw-blur: ; --tw-brightness: ; --tw-contrast: ; --tw-grayscale: ; --tw-hue-rotate: ; --tw-invert: ; --tw-saturate: ; --tw-sepia: ; --tw-drop-shadow: ; --tw-backdrop-blur: ; --tw-backdrop-brightness: ; --tw-backdrop-contrast: ; --tw-backdrop-grayscale: ; --tw-backdrop-hue-rotate: ; --tw-backdrop-invert: ; --tw-backdrop-opacity: ; --tw-backdrop-saturate: ; --tw-backdrop-sepia: ; list-style-position: initial; list-style-image: initial; margin: 0px 0px 0px 1rem; padding: 0px; display: flex; flex-direction: column; color: rgb(209, 213, 219); font-family: Söhne, ui-sans-serif, system-ui, -apple-system, &amp;quot;Segoe UI&amp;quot;, Roboto, Ubuntu, Cantarell, &amp;quot;Noto Sans&amp;quot;, sans-serif, &amp;quot;Helvetica Neue&amp;quot;, Arial, &amp;quot;Apple Color Emoji&amp;quot;, &amp;quot;Segoe UI Emoji&amp;quot;, &amp;quot;Segoe UI Symbol&amp;quot;, &amp;quot;Noto Color Emoji&amp;quot;; font-size: 16px; text-align: left; background-color: rgb(52, 53, 65);&quot;&gt;&lt;/ul&gt;" style="ellipse;whiteSpace=wrap;html=1;" vertex="1" parent="1">
          <mxGeometry x="490" y="350" width="120" height="80" as="geometry" />
        </mxCell>
        <mxCell id="jhav6D8EuZ_-IiTHU21y-47" style="edgeStyle=orthogonalEdgeStyle;rounded=0;orthogonalLoop=1;jettySize=auto;html=1;exitX=0;exitY=0.5;exitDx=0;exitDy=0;entryX=1;entryY=0.5;entryDx=0;entryDy=0;" edge="1" parent="1" source="jhav6D8EuZ_-IiTHU21y-48" target="jhav6D8EuZ_-IiTHU21y-50">
          <mxGeometry relative="1" as="geometry" />
        </mxCell>
        <mxCell id="jhav6D8EuZ_-IiTHU21y-48" value="&lt;div&gt;&lt;span style=&quot;border: 0px solid rgb(217, 217, 227); box-sizing: border-box; --tw-border-spacing-x: 0; --tw-border-spacing-y: 0; --tw-translate-x: 0; --tw-translate-y: 0; --tw-rotate: 0; --tw-skew-x: 0; --tw-skew-y: 0; --tw-scale-x: 1; --tw-scale-y: 1; --tw-pan-x: ; --tw-pan-y: ; --tw-pinch-zoom: ; --tw-scroll-snap-strictness: proximity; --tw-gradient-from-position: ; --tw-gradient-via-position: ; --tw-gradient-to-position: ; --tw-ordinal: ; --tw-slashed-zero: ; --tw-numeric-figure: ; --tw-numeric-spacing: ; --tw-numeric-fraction: ; --tw-ring-inset: ; --tw-ring-offset-width: 0px; --tw-ring-offset-color: #fff; --tw-ring-color: rgba(69,89,164,.5); --tw-ring-offset-shadow: 0 0 transparent; --tw-ring-shadow: 0 0 transparent; --tw-shadow: 0 0 transparent; --tw-shadow-colored: 0 0 transparent; --tw-blur: ; --tw-brightness: ; --tw-contrast: ; --tw-grayscale: ; --tw-hue-rotate: ; --tw-invert: ; --tw-saturate: ; --tw-sepia: ; --tw-drop-shadow: ; --tw-backdrop-blur: ; --tw-backdrop-brightness: ; --tw-backdrop-contrast: ; --tw-backdrop-grayscale: ; --tw-backdrop-hue-rotate: ; --tw-backdrop-invert: ; --tw-backdrop-opacity: ; --tw-backdrop-saturate: ; --tw-backdrop-sepia: ;&quot;&gt;&lt;b&gt;Loop de Inicialização de Processos&lt;/b&gt;&lt;br&gt;&lt;/span&gt;&lt;/div&gt;&lt;ul style=&quot;border: 0px solid rgb(217, 217, 227); box-sizing: border-box; --tw-border-spacing-x: 0; --tw-border-spacing-y: 0; --tw-translate-x: 0; --tw-translate-y: 0; --tw-rotate: 0; --tw-skew-x: 0; --tw-skew-y: 0; --tw-scale-x: 1; --tw-scale-y: 1; --tw-pan-x: ; --tw-pan-y: ; --tw-pinch-zoom: ; --tw-scroll-snap-strictness: proximity; --tw-gradient-from-position: ; --tw-gradient-via-position: ; --tw-gradient-to-position: ; --tw-ordinal: ; --tw-slashed-zero: ; --tw-numeric-figure: ; --tw-numeric-spacing: ; --tw-numeric-fraction: ; --tw-ring-inset: ; --tw-ring-offset-width: 0px; --tw-ring-offset-color: #fff; --tw-ring-color: rgba(69,89,164,.5); --tw-ring-offset-shadow: 0 0 transparent; --tw-ring-shadow: 0 0 transparent; --tw-shadow: 0 0 transparent; --tw-shadow-colored: 0 0 transparent; --tw-blur: ; --tw-brightness: ; --tw-contrast: ; --tw-grayscale: ; --tw-hue-rotate: ; --tw-invert: ; --tw-saturate: ; --tw-sepia: ; --tw-drop-shadow: ; --tw-backdrop-blur: ; --tw-backdrop-brightness: ; --tw-backdrop-contrast: ; --tw-backdrop-grayscale: ; --tw-backdrop-hue-rotate: ; --tw-backdrop-invert: ; --tw-backdrop-opacity: ; --tw-backdrop-saturate: ; --tw-backdrop-sepia: ; list-style-position: initial; list-style-image: initial; margin: 0px 0px 0px 1rem; padding: 0px; display: flex; flex-direction: column; color: rgb(209, 213, 219); font-family: Söhne, ui-sans-serif, system-ui, -apple-system, &amp;quot;Segoe UI&amp;quot;, Roboto, Ubuntu, Cantarell, &amp;quot;Noto Sans&amp;quot;, sans-serif, &amp;quot;Helvetica Neue&amp;quot;, Arial, &amp;quot;Apple Color Emoji&amp;quot;, &amp;quot;Segoe UI Emoji&amp;quot;, &amp;quot;Segoe UI Symbol&amp;quot;, &amp;quot;Noto Color Emoji&amp;quot;; font-size: 16px; text-align: left; background-color: rgb(52, 53, 65);&quot;&gt;&lt;/ul&gt;" style="ellipse;whiteSpace=wrap;html=1;" vertex="1" parent="1">
          <mxGeometry x="310" y="360" width="120" height="80" as="geometry" />
        </mxCell>
        <mxCell id="jhav6D8EuZ_-IiTHU21y-49" style="edgeStyle=orthogonalEdgeStyle;rounded=0;orthogonalLoop=1;jettySize=auto;html=1;exitX=0.5;exitY=1;exitDx=0;exitDy=0;entryX=0;entryY=0.5;entryDx=0;entryDy=0;" edge="1" parent="1" source="jhav6D8EuZ_-IiTHU21y-50" target="jhav6D8EuZ_-IiTHU21y-52">
          <mxGeometry relative="1" as="geometry" />
        </mxCell>
        <mxCell id="jhav6D8EuZ_-IiTHU21y-50" value="Chamada da Função escalonamento prioridade" style="ellipse;whiteSpace=wrap;html=1;" vertex="1" parent="1">
          <mxGeometry x="150" y="360" width="120" height="80" as="geometry" />
        </mxCell>
        <mxCell id="jhav6D8EuZ_-IiTHU21y-51" style="edgeStyle=orthogonalEdgeStyle;rounded=0;orthogonalLoop=1;jettySize=auto;html=1;exitX=1;exitY=0.5;exitDx=0;exitDy=0;entryX=0;entryY=0.5;entryDx=0;entryDy=0;" edge="1" parent="1" source="jhav6D8EuZ_-IiTHU21y-52" target="jhav6D8EuZ_-IiTHU21y-54">
          <mxGeometry relative="1" as="geometry" />
        </mxCell>
        <mxCell id="jhav6D8EuZ_-IiTHU21y-52" value="&lt;div&gt;&lt;span style=&quot;border: 0px solid rgb(217, 217, 227); box-sizing: border-box; --tw-border-spacing-x: 0; --tw-border-spacing-y: 0; --tw-translate-x: 0; --tw-translate-y: 0; --tw-rotate: 0; --tw-skew-x: 0; --tw-skew-y: 0; --tw-scale-x: 1; --tw-scale-y: 1; --tw-pan-x: ; --tw-pan-y: ; --tw-pinch-zoom: ; --tw-scroll-snap-strictness: proximity; --tw-gradient-from-position: ; --tw-gradient-via-position: ; --tw-gradient-to-position: ; --tw-ordinal: ; --tw-slashed-zero: ; --tw-numeric-figure: ; --tw-numeric-spacing: ; --tw-numeric-fraction: ; --tw-ring-inset: ; --tw-ring-offset-width: 0px; --tw-ring-offset-color: #fff; --tw-ring-color: rgba(69,89,164,.5); --tw-ring-offset-shadow: 0 0 transparent; --tw-ring-shadow: 0 0 transparent; --tw-shadow: 0 0 transparent; --tw-shadow-colored: 0 0 transparent; --tw-blur: ; --tw-brightness: ; --tw-contrast: ; --tw-grayscale: ; --tw-hue-rotate: ; --tw-invert: ; --tw-saturate: ; --tw-sepia: ; --tw-drop-shadow: ; --tw-backdrop-blur: ; --tw-backdrop-brightness: ; --tw-backdrop-contrast: ; --tw-backdrop-grayscale: ; --tw-backdrop-hue-rotate: ; --tw-backdrop-invert: ; --tw-backdrop-opacity: ; --tw-backdrop-saturate: ; --tw-backdrop-sepia: ;&quot;&gt;&lt;b&gt;Loop de Execução de Tempo (for t in range(tempo)):&lt;/b&gt;&lt;br&gt;&lt;/span&gt;&lt;/div&gt;&lt;ul style=&quot;border: 0px solid rgb(217, 217, 227); box-sizing: border-box; --tw-border-spacing-x: 0; --tw-border-spacing-y: 0; --tw-translate-x: 0; --tw-translate-y: 0; --tw-rotate: 0; --tw-skew-x: 0; --tw-skew-y: 0; --tw-scale-x: 1; --tw-scale-y: 1; --tw-pan-x: ; --tw-pan-y: ; --tw-pinch-zoom: ; --tw-scroll-snap-strictness: proximity; --tw-gradient-from-position: ; --tw-gradient-via-position: ; --tw-gradient-to-position: ; --tw-ordinal: ; --tw-slashed-zero: ; --tw-numeric-figure: ; --tw-numeric-spacing: ; --tw-numeric-fraction: ; --tw-ring-inset: ; --tw-ring-offset-width: 0px; --tw-ring-offset-color: #fff; --tw-ring-color: rgba(69,89,164,.5); --tw-ring-offset-shadow: 0 0 transparent; --tw-ring-shadow: 0 0 transparent; --tw-shadow: 0 0 transparent; --tw-shadow-colored: 0 0 transparent; --tw-blur: ; --tw-brightness: ; --tw-contrast: ; --tw-grayscale: ; --tw-hue-rotate: ; --tw-invert: ; --tw-saturate: ; --tw-sepia: ; --tw-drop-shadow: ; --tw-backdrop-blur: ; --tw-backdrop-brightness: ; --tw-backdrop-contrast: ; --tw-backdrop-grayscale: ; --tw-backdrop-hue-rotate: ; --tw-backdrop-invert: ; --tw-backdrop-opacity: ; --tw-backdrop-saturate: ; --tw-backdrop-sepia: ; list-style-position: initial; list-style-image: initial; margin: 0px 0px 0px 1rem; padding: 0px; display: flex; flex-direction: column; color: rgb(209, 213, 219); font-family: Söhne, ui-sans-serif, system-ui, -apple-system, &amp;quot;Segoe UI&amp;quot;, Roboto, Ubuntu, Cantarell, &amp;quot;Noto Sans&amp;quot;, sans-serif, &amp;quot;Helvetica Neue&amp;quot;, Arial, &amp;quot;Apple Color Emoji&amp;quot;, &amp;quot;Segoe UI Emoji&amp;quot;, &amp;quot;Segoe UI Symbol&amp;quot;, &amp;quot;Noto Color Emoji&amp;quot;; font-size: 16px; text-align: left; background-color: rgb(52, 53, 65);&quot;&gt;&lt;/ul&gt;" style="ellipse;whiteSpace=wrap;html=1;" vertex="1" parent="1">
          <mxGeometry x="260" y="470" width="120" height="80" as="geometry" />
        </mxCell>
        <mxCell id="jhav6D8EuZ_-IiTHU21y-53" style="edgeStyle=orthogonalEdgeStyle;rounded=0;orthogonalLoop=1;jettySize=auto;html=1;exitX=1;exitY=0.5;exitDx=0;exitDy=0;entryX=0;entryY=0.5;entryDx=0;entryDy=0;" edge="1" parent="1" source="jhav6D8EuZ_-IiTHU21y-54" target="jhav6D8EuZ_-IiTHU21y-56">
          <mxGeometry relative="1" as="geometry" />
        </mxCell>
        <mxCell id="jhav6D8EuZ_-IiTHU21y-54" value="Solicitação e Verificação de Novo Processo" style="ellipse;whiteSpace=wrap;html=1;" vertex="1" parent="1">
          <mxGeometry x="430" y="470" width="120" height="80" as="geometry" />
        </mxCell>
        <mxCell id="jhav6D8EuZ_-IiTHU21y-55" style="edgeStyle=orthogonalEdgeStyle;rounded=0;orthogonalLoop=1;jettySize=auto;html=1;exitX=0.5;exitY=1;exitDx=0;exitDy=0;entryX=0.5;entryY=0;entryDx=0;entryDy=0;" edge="1" parent="1" source="jhav6D8EuZ_-IiTHU21y-56" target="jhav6D8EuZ_-IiTHU21y-58">
          <mxGeometry relative="1" as="geometry" />
        </mxCell>
        <mxCell id="jhav6D8EuZ_-IiTHU21y-56" value="Ordenação da Lista de Processos:" style="ellipse;whiteSpace=wrap;html=1;" vertex="1" parent="1">
          <mxGeometry x="610" y="470" width="120" height="80" as="geometry" />
        </mxCell>
        <mxCell id="jhav6D8EuZ_-IiTHU21y-57" style="edgeStyle=orthogonalEdgeStyle;rounded=0;orthogonalLoop=1;jettySize=auto;html=1;exitX=0;exitY=0.5;exitDx=0;exitDy=0;entryX=1;entryY=0.5;entryDx=0;entryDy=0;" edge="1" parent="1" source="jhav6D8EuZ_-IiTHU21y-58" target="jhav6D8EuZ_-IiTHU21y-60">
          <mxGeometry relative="1" as="geometry">
            <mxPoint x="570" y="620" as="targetPoint" />
          </mxGeometry>
        </mxCell>
        <mxCell id="jhav6D8EuZ_-IiTHU21y-58" value="Exibição da Fila de Processos" style="ellipse;whiteSpace=wrap;html=1;" vertex="1" parent="1">
          <mxGeometry x="610" y="570" width="120" height="80" as="geometry" />
        </mxCell>
        <mxCell id="jhav6D8EuZ_-IiTHU21y-59" style="edgeStyle=orthogonalEdgeStyle;rounded=0;orthogonalLoop=1;jettySize=auto;html=1;exitX=0;exitY=0.5;exitDx=0;exitDy=0;" edge="1" parent="1" source="jhav6D8EuZ_-IiTHU21y-60">
          <mxGeometry relative="1" as="geometry">
            <mxPoint x="380" y="610" as="targetPoint" />
          </mxGeometry>
        </mxCell>
        <mxCell id="jhav6D8EuZ_-IiTHU21y-60" value="Execução do Processo de Maior Prioridade" style="ellipse;whiteSpace=wrap;html=1;" vertex="1" parent="1">
          <mxGeometry x="440" y="570" width="120" height="80" as="geometry" />
        </mxCell>
        <mxCell id="jhav6D8EuZ_-IiTHU21y-61" style="edgeStyle=orthogonalEdgeStyle;rounded=0;orthogonalLoop=1;jettySize=auto;html=1;exitX=0.5;exitY=1;exitDx=0;exitDy=0;entryX=0.5;entryY=0;entryDx=0;entryDy=0;" edge="1" parent="1" source="jhav6D8EuZ_-IiTHU21y-62" target="jhav6D8EuZ_-IiTHU21y-63">
          <mxGeometry relative="1" as="geometry" />
        </mxCell>
        <mxCell id="jhav6D8EuZ_-IiTHU21y-62" value="Fim da Unidade de Tempo" style="ellipse;whiteSpace=wrap;html=1;" vertex="1" parent="1">
          <mxGeometry x="260" y="570" width="120" height="80" as="geometry" />
        </mxCell>
        <mxCell id="jhav6D8EuZ_-IiTHU21y-63" value="Condição de Encerramento" style="ellipse;whiteSpace=wrap;html=1;" vertex="1" parent="1">
          <mxGeometry x="260" y="700" width="120" height="80" as="geometry" />
        </mxCell>
        <mxCell id="jhav6D8EuZ_-IiTHU21y-64" style="edgeStyle=orthogonalEdgeStyle;rounded=0;orthogonalLoop=1;jettySize=auto;html=1;exitX=0;exitY=0.5;exitDx=0;exitDy=0;entryX=1;entryY=0.374;entryDx=0;entryDy=0;entryPerimeter=0;" edge="1" parent="1" source="jhav6D8EuZ_-IiTHU21y-46" target="jhav6D8EuZ_-IiTHU21y-48">
          <mxGeometry relative="1" as="geometry" />
        </mxCell>
        <mxCell id="jhav6D8EuZ_-IiTHU21y-65" value="" style="rounded=0;whiteSpace=wrap;html=1;fillColor=none;" vertex="1" parent="1">
          <mxGeometry x="140" y="230" width="610" height="580" as="geometry" />
        </mxCell>
        <mxCell id="jhav6D8EuZ_-IiTHU21y-66" value="&lt;font style=&quot;font-size: 23px;&quot;&gt;Round Robin Por prioridade&lt;/font&gt;" style="text;strokeColor=none;align=center;fillColor=none;html=1;verticalAlign=middle;whiteSpace=wrap;rounded=0;strokeWidth=1;" vertex="1" parent="1">
          <mxGeometry x="100" y="200" width="380" height="30" as="geometry" />
        </mxCell>
      </root>
    </mxGraphModel>
  </diagram>
</mxfile>
